{"MN": {
    "operatori_biologici": 279,
    "operatori_biologici_produzione_vegetale": 221,
    "operatori_biologici_produzione_zootecnica": 74,
    "operatori_biologici_importatore": 2,
    "operatori_biologici_esportatore": 5,
    "operatori_biologici_tipologia_non_specificata": 49,
    "operatori_biologici_produttori": 224,
    "operatori_biologici_preparatori": 89,
    "fattorie_didattiche": 14,
    "fattorie_didattiche_servizi_asilo_nido": 4,
    "fattorie_didattiche_servizi_scuola_infanzia": 14,
    "fattorie_didattiche_servizi_scuola_primaria": 14,
    "fattorie_didattiche_servizi_scuola_secondaria_i_grado": 13,
    "fattorie_didattiche_servizi_scuola_secondaria_ii_grado": 9,
    "fattorie_didattiche_servizi_adulti": 10,
    "fattorie_didattiche_servizi_disabili": 8,
    "fattorie_didattiche_servizi_anziani": 7,
    "fattorie_didattiche_servizi_ristorazione": 9,
    "fattorie_didattiche_servizi_attivita_sportive": 12,
    "fattorie_didattiche_servizi_pernottamento": 6,
    "fattorie_didattiche_servizi_punto_vendita": 12,
    "fattorie_didattiche_servizi_azienda_bio": 4,
    "fattorie_didattiche_servizi_accessibilita_disabili": 14,
    "listaPP": [
      "PO020017NU0005",
      "PO020018NU0004",
      "PO020023NUP001",
      "PO020003NUP001",
      "PO020022NUP001",
      "PO0200260R0001",
      "PO0200190R0001",
      "PO0200520U0001",
      "PO0200420R0001",
      "PO0200450R0001",
      "PO020010NR0001",
      "PO020066NU0004",
      "PO020050NU0002",
      "PO0200170R0001",
      "PO020065NU0003",
      "PO0200240R0001",
      "PO0200530R0089",
      "PO0200290R0002",
      "PO0200270R0053",
      "PO0200030R0001",
      "PO020034NU0002",
      "PO0200340R0001",
      "PO020032NR0001",
      "PO020030NU0003",
      "PO0200040R0012",
      "PO0200660R0003",
      "PO0200130R0001",
      "PO0200710R0001",
      "PO0200490R0085",
      "PO0200260R0004",
      "PO0200280R0057",
      "PO020004NR0001",
      "PO020015NR0003",
      "PO0200170R0002",
      "PO0200150R0001",
      "PO020027NR0004",
      "PO0200510R0001",
      "PO0200330R0003",
      "PO020063NU0002",
      "PO0200550R0002",
      "PO0200370R0001",
      "PO0200650R0001",
      "PO0200400R0001",
      "PO0200550R0005",
      "PO020061NR0001",
      "PO0200540R0001",
      "PO0200710U0001",
      "PO0200180R0037",
      "PO0200700R0001",
      "PO0200380R0076",
      "PO020001NU0001",
      "PO0200680R0001",
      "PO0200020R0002",
      "PO020030NU0002",
      "PO0200310R0063",
      "PO0200020U0004",
      "PO0200590R0097",
      "PO0200480U0084",
      "PO0200160R0031",
      "PO0200570R0001",
      "PO0200470R0001",
      "PO0200330R0002",
      "PO0200050U0001",
      "PO0200460U0081",
      "PO0200280R0056",
      "PO0200690R0001"
    ],
    "acque_sotterranee_parametri_nella_norma": 4649,
    "acque_sotterranee_parametri_sopra_limite_attenzione": 226,
    "acque_sotterranee_parametri_sopra_limite_legge": 3622,
    "acque_sotterranee_punti_prelievo": 66
  },
  "PV": {
    "operatori_biologici": 625,
    "operatori_biologici_produzione_vegetale": 561,
    "operatori_biologici_produzione_zootecnica": 116,
    "operatori_biologici_importatore": 4,
    "operatori_biologici_esportatore": 0,
    "operatori_biologici_tipologia_non_specificata": 52,
    "operatori_biologici_produttori": 569,
    "operatori_biologici_preparatori": 138,
    "fattorie_didattiche": 20,
    "fattorie_didattiche_servizi_asilo_nido": 1,
    "fattorie_didattiche_servizi_scuola_infanzia": 18,
    "fattorie_didattiche_servizi_scuola_primaria": 19,
    "fattorie_didattiche_servizi_scuola_secondaria_i_grado": 15,
    "fattorie_didattiche_servizi_scuola_secondaria_ii_grado": 11,
    "fattorie_didattiche_servizi_adulti": 12,
    "fattorie_didattiche_servizi_disabili": 6,
    "fattorie_didattiche_servizi_anziani": 4,
    "fattorie_didattiche_servizi_ristorazione": 18,
    "fattorie_didattiche_servizi_attivita_sportive": 18,
    "fattorie_didattiche_servizi_pernottamento": 12,
    "fattorie_didattiche_servizi_punto_vendita": 16,
    "fattorie_didattiche_servizi_azienda_bio": 8,
    "fattorie_didattiche_servizi_accessibilita_disabili": 19,
    "listaPP": [
      "PO0181100U0111",
      "PO0181070U0003",
      "PO018032NR0001",
      "PO018014NRP001",
      "PO0181710U0004",
      "PO018162NUP001",
      "PO0181230U0005",
      "PO018139NU0003",
      "PO0181770U0009",
      "PO0180350U0002",
      "PO018003NR0009",
      "PO018047NR0001",
      "PO0181770U0020",
      "PO0180190U0001",
      "PO018176NUP001",
      "PO0180610U0001",
      "PO018072NUP001",
      "PO0181870U0001",
      "PO018147NUP001",
      "PO0180470U0001",
      "PO018083NR0001",
      "PO018065NRG001",
      "PO0180480U0004",
      "PO0181300U0001",
      "PO0180140U0001",
      "PO0180130U0005",
      "PO018146NRP001",
      "PO0180270U0001",
      "PO0180490U0003",
      "PO0181150U0006",
      "PO018173NUP001",
      "PO018180NUP001",
      "PO0181100U0014",
      "PO018035NU0001",
      "PO018068NRP001",
      "PO0180810U0111",
      "PO0180500U0002",
      "PO0180880U0001",
      "PO0180690U0001",
      "PO018159NUP001",
      "PO0181510U0002",
      "PO0181410U0001",
      "PO0181680U0001",
      "PO0180450U0001",
      "PO018164NR0001",
      "PO0181570U0001",
      "PO0181140U0002",
      "PO0181180U0019",
      "PO0181020U0007",
      "PO0180930U0006",
      "PO0181550U0001",
      "PO0180330U0002",
      "PO0181070U0001",
      "PO0180880U0003",
      "PO0181220U0001",
      "PO0180720U0002",
      "PO0181790U0004",
      "PO0180140U0003",
      "PO0181410U0003",
      "PO0180690U0002",
      "PO018062NRD002",
      "PO0181370U0005",
      "PO0181640U0001",
      "PO0180150U0003"
    ],
    "acque_sotterranee_parametri_nella_norma": 4482,
    "acque_sotterranee_parametri_sopra_limite_attenzione": 224,
    "acque_sotterranee_parametri_sopra_limite_legge": 3222,
    "acque_sotterranee_punti_prelievo": 64
  },
  "BS": {
    "operatori_biologici": 471,
    "operatori_biologici_produzione_vegetale": 373,
    "operatori_biologici_produzione_zootecnica": 94,
    "operatori_biologici_importatore": 5,
    "operatori_biologici_esportatore": 2,
    "operatori_biologici_tipologia_non_specificata": 87,
    "operatori_biologici_produttori": 377,
    "operatori_biologici_preparatori": 230,
    "fattorie_didattiche": 33,
    "fattorie_didattiche_servizi_asilo_nido": 14,
    "fattorie_didattiche_servizi_scuola_infanzia": 27,
    "fattorie_didattiche_servizi_scuola_primaria": 30,
    "fattorie_didattiche_servizi_scuola_secondaria_i_grado": 23,
    "fattorie_didattiche_servizi_scuola_secondaria_ii_grado": 16,
    "fattorie_didattiche_servizi_adulti": 15,
    "fattorie_didattiche_servizi_disabili": 12,
    "fattorie_didattiche_servizi_anziani": 9,
    "fattorie_didattiche_servizi_ristorazione": 22,
    "fattorie_didattiche_servizi_attivita_sportive": 22,
    "fattorie_didattiche_servizi_pernottamento": 17,
    "fattorie_didattiche_servizi_punto_vendita": 17,
    "fattorie_didattiche_servizi_azienda_bio": 14,
    "fattorie_didattiche_servizi_accessibilita_disabili": 25,
    "listaPP": [
      "PO0170340UC613",
      "PO0171600UD017",
      "PO0171370UC639",
      "PO017012NUE028",
      "PO017166NUP001",
      "PO017073NPE013",
      "PO017082NUE017",
      "PO017013NRP001",
      "PO017073NUP001",
      "PO017061NU0001",
      "PO0171500UC557",
      "PO0170590UC609",
      "PO0170880RC541",
      "PO0171550UC624",
      "PO0170750RC536",
      "PO0170290UB135",
      "PO0171170UC024",
      "PO0171960U0035",
      "PO0170600UC013",
      "PO0170340RC481",
      "PO0170920U0047",
      "PO0171130R0021",
      "PO017162NUP001",
      "PO017029NR0001",
      "PO0170140U0007",
      "PO0171760RC555",
      "PO0171660UC529",
      "PO0170140RC598",
      "PO0170910UC622",
      "PO0170780UC612",
      "PO017113NRD106",
      "PO0171250UC630",
      "PO017029NU0001",
      "PO0171130UC595",
      "PO017172NRP001",
      "PO0170920UC019",
      "PO0171990UC036",
      "PO0171380UC558",
      "PO0171490UC593",
      "PO0170860UC579",
      "PO0170020RC545",
      "PO0170460UC048",
      "PO0171590UC568",
      "PO0171730U0638",
      "PO0170290RC490",
      "PO0171640UC596",
      "PO0171460UC028",
      "PO0170880UC594",
      "PO0171520UC566",
      "PO0170650U0001",
      "PO0171140UC023",
      "PO0170400RC511",
      "PO0170750U0001",
      "PO017103NRP001",
      "PO0170290UC608",
      "PO0171220R0001",
      "PO0170450UC010",
      "PO0170660UC581",
      "PO0171630UC032",
      "PO0170290R0008",
      "PO0170720U0253",
      "PO0171430RC548",
      "PO0170090UC005",
      "PO0171880UC033",
      "PO0171740R0001",
      "PO0170520UC573"
    ],
    "acque_sotterranee_parametri_nella_norma": 5032,
    "acque_sotterranee_parametri_sopra_limite_attenzione": 232,
    "acque_sotterranee_parametri_sopra_limite_legge": 3968,
    "acque_sotterranee_punti_prelievo": 66
  },
  "BG": {
    "operatori_biologici": 206,
    "operatori_biologici_produzione_vegetale": 138,
    "operatori_biologici_produzione_zootecnica": 49,
    "operatori_biologici_importatore": 5,
    "operatori_biologici_esportatore": 4,
    "operatori_biologici_tipologia_non_specificata": 58,
    "operatori_biologici_produttori": 139,
    "operatori_biologici_preparatori": 113,
    "fattorie_didattiche": 51,
    "fattorie_didattiche_servizi_asilo_nido": 14,
    "fattorie_didattiche_servizi_scuola_infanzia": 48,
    "fattorie_didattiche_servizi_scuola_primaria": 51,
    "fattorie_didattiche_servizi_scuola_secondaria_i_grado": 42,
    "fattorie_didattiche_servizi_scuola_secondaria_ii_grado": 29,
    "fattorie_didattiche_servizi_adulti": 29,
    "fattorie_didattiche_servizi_disabili": 15,
    "fattorie_didattiche_servizi_anziani": 15,
    "fattorie_didattiche_servizi_ristorazione": 32,
    "fattorie_didattiche_servizi_attivita_sportive": 29,
    "fattorie_didattiche_servizi_pernottamento": 24,
    "fattorie_didattiche_servizi_punto_vendita": 38,
    "fattorie_didattiche_servizi_azienda_bio": 7,
    "fattorie_didattiche_servizi_accessibilita_disabili": 37,
    "listaPP": [
      "PO0160830R0001",
      "PO0161130R0001",
      "PO0161330R0158",
      "PO0162240R0001",
      "PO0161260R0002",
      "PO0162120R0001",
      "PO0160110U0005",
      "PO0161730U0001",
      "PO0162090R1633",
      "PO0161830R0004",
      "PO0161770U0001",
      "PO0161260U0105",
      "PO0161350U0001",
      "PO0160760R1283",
      "PO0160130R0002",
      "PO016177NR0002",
      "PO0161540R0001",
      "PO016042NU0001",
      "PO0160960U0001",
      "PO0160510R0161",
      "PO0161400R0001",
      "PO0160240R0273",
      "PO0161290R0001",
      "PO0161220R0519",
      "PO0160870R0001",
      "PO0161010R0004",
      "PO016123NU0001",
      "PO0160750U0002",
      "PO0162220U0004",
      "PO0161170R0112",
      "PO0160400U0001",
      "PO0161720U0001",
      "PO0160890R0001",
      "PO0162070R0001",
      "PO0161150R0118",
      "PO0161010R0001",
      "PO0161570R3380",
      "PO016219NUP002",
      "PO016219NUP001"
    ],
    "acque_sotterranee_parametri_nella_norma": 2662,
    "acque_sotterranee_parametri_sopra_limite_attenzione": 99,
    "acque_sotterranee_parametri_sopra_limite_legge": 1965,
    "acque_sotterranee_punti_prelievo": 39
  },
  "MI": {
    "operatori_biologici": 410,
    "operatori_biologici_produzione_vegetale": 138,
    "operatori_biologici_produzione_zootecnica": 44,
    "operatori_biologici_importatore": 43,
    "operatori_biologici_esportatore": 4,
    "operatori_biologici_tipologia_non_specificata": 223,
    "operatori_biologici_produttori": 142,
    "operatori_biologici_preparatori": 310,
    "fattorie_didattiche": 19,
    "fattorie_didattiche_servizi_asilo_nido": 10,
    "fattorie_didattiche_servizi_scuola_infanzia": 18,
    "fattorie_didattiche_servizi_scuola_primaria": 19,
    "fattorie_didattiche_servizi_scuola_secondaria_i_grado": 17,
    "fattorie_didattiche_servizi_scuola_secondaria_ii_grado": 13,
    "fattorie_didattiche_servizi_adulti": 14,
    "fattorie_didattiche_servizi_disabili": 11,
    "fattorie_didattiche_servizi_anziani": 10,
    "fattorie_didattiche_servizi_ristorazione": 11,
    "fattorie_didattiche_servizi_attivita_sportive": 8,
    "fattorie_didattiche_servizi_pernottamento": 7,
    "fattorie_didattiche_servizi_punto_vendita": 14,
    "fattorie_didattiche_servizi_azienda_bio": 6,
    "fattorie_didattiche_servizi_accessibilita_disabili": 18,
    "listaPP": [
      "PO015116NR0026",
      "PO015027NR0045",
      "PO015051NR0012",
      "PO0150700U0186",
      "PO0151750U0008",
      "PO0152050U0007",
      "PO0152130U0021",
      "PO0150270U0159",
      "PO015151NUP001",
      "PO0151650U0002",
      "PO015168NUP001",
      "PO0152300U0056",
      "PO0152020U0025",
      "PO015012NR0072",
      "PO0152060U0004",
      "PO015219NU0002",
      "PO0151120U0002",
      "PO0150150U0005",
      "PO0152190U0003",
      "PO015130NR0068",
      "PO0151030U0004",
      "PO0151460U0405",
      "PO015146NR1105",
      "PO0150850U0263",
      "PO015192NR0212",
      "PO015019NR0037",
      "PO0151920U0005",
      "PO015113NU0030",
      "PO015077NU0023",
      "PO015062NR0026",
      "PO015118NR0049",
      "PO015175NR0150",
      "PO015146NR2600",
      "PO0152490U0004",
      "PO015154NR0013",
      "PO0151400R0048",
      "PO015211NUP001",
      "PO015059NR0135",
      "PO015159NR0012",
      "PO0151340U0006",
      "PO0151510U0002",
      "PO015081NR0044",
      "PO0152020U0026",
      "PO015182NR0018",
      "PO0150020U0014",
      "PO0151060U0017",
      "PO0150410U0058",
      "PO0150350U0003",
      "PO0152240U0003",
      "PO015211NUP002",
      "PO0150850U0262",
      "PO0150360U0002",
      "PO015194NR0015",
      "PO0152050R0052",
      "PO015181NUP001",
      "PO0151460U0037",
      "PO0151080U0002",
      "PO0152210U0001",
      "PO015189NR0143",
      "PO0151460U0200",
      "PO015210NR0022",
      "PO0151460U1638",
      "PO015222NR0015",
      "PO015243NUP002",
      "PO0150500U0002",
      "PO015146NR0699",
      "PO0151660U0001",
      "PO015201NR0013",
      "PO0152040U0003",
      "PO0151460U0010"
    ],
    "acque_sotterranee_parametri_nella_norma": 6678,
    "acque_sotterranee_parametri_sopra_limite_attenzione": 214,
    "acque_sotterranee_parametri_sopra_limite_legge": 5028,
    "acque_sotterranee_punti_prelievo": 70
  },
  "VA": {
    "operatori_biologici": 63,
    "operatori_biologici_produzione_vegetale": 29,
    "operatori_biologici_produzione_zootecnica": 18,
    "operatori_biologici_importatore": 4,
    "operatori_biologici_esportatore": 2,
    "operatori_biologici_tipologia_non_specificata": 26,
    "operatori_biologici_produttori": 32,
    "operatori_biologici_preparatori": 44,
    "fattorie_didattiche": 12,
    "fattorie_didattiche_servizi_asilo_nido": 3,
    "fattorie_didattiche_servizi_scuola_infanzia": 11,
    "fattorie_didattiche_servizi_scuola_primaria": 11,
    "fattorie_didattiche_servizi_scuola_secondaria_i_grado": 6,
    "fattorie_didattiche_servizi_scuola_secondaria_ii_grado": 3,
    "fattorie_didattiche_servizi_adulti": 6,
    "fattorie_didattiche_servizi_disabili": 3,
    "fattorie_didattiche_servizi_anziani": 4,
    "fattorie_didattiche_servizi_ristorazione": 11,
    "fattorie_didattiche_servizi_attivita_sportive": 11,
    "fattorie_didattiche_servizi_pernottamento": 8,
    "fattorie_didattiche_servizi_punto_vendita": 12,
    "fattorie_didattiche_servizi_azienda_bio": 1,
    "fattorie_didattiche_servizi_accessibilita_disabili": 10,
    "listaPP": [
      "PO012068NUP001",
      "PO012026NU3023",
      "PO012118NUP001",
      "PO012042NR9077",
      "PO0120840U0001",
      "PO012036NU0002",
      "PO012132NU0003",
      "PO012123NU2007",
      "PO012004NUB018",
      "PO012004NU0001",
      "PO012120NU0002",
      "PO012050NU0004",
      "PO012109NUB005",
      "PO0120750R2020",
      "PO0120700R1085",
      "PO0120700UB022",
      "PO012072NU0005",
      "PO012002NU0008",
      "PO012090NU2009",
      "PO012136NU0001",
      "PO012090NU1009",
      "PO012026NU3022",
      "PO012026NU3021",
      "PO012131NU0003",
      "PO012092NR0021",
      "PO012067NU0012",
      "PO012026NU0023",
      "PO0121180U0005",
      "PO012051NU0001",
      "PO012123NUP001",
      "PO012106NU0015",
      "PO0121180U2006",
      "PO012119NU0009"
    ],
    "acque_sotterranee_parametri_nella_norma": 2380,
    "acque_sotterranee_parametri_sopra_limite_attenzione": 125,
    "acque_sotterranee_parametri_sopra_limite_legge": 1581,
    "acque_sotterranee_punti_prelievo": 33
  },
  "MB": {
    "operatori_biologici": 64,
    "operatori_biologici_produzione_vegetale": 32,
    "operatori_biologici_produzione_zootecnica": 8,
    "operatori_biologici_importatore": 2,
    "operatori_biologici_esportatore": 0,
    "operatori_biologici_tipologia_non_specificata": 28,
    "operatori_biologici_produttori": 34,
    "operatori_biologici_preparatori": 42,
    "fattorie_didattiche": 5,
    "fattorie_didattiche_servizi_asilo_nido": 2,
    "fattorie_didattiche_servizi_scuola_infanzia": 5,
    "fattorie_didattiche_servizi_scuola_primaria": 5,
    "fattorie_didattiche_servizi_scuola_secondaria_i_grado": 5,
    "fattorie_didattiche_servizi_scuola_secondaria_ii_grado": 2,
    "fattorie_didattiche_servizi_adulti": 2,
    "fattorie_didattiche_servizi_disabili": 4,
    "fattorie_didattiche_servizi_anziani": 1,
    "fattorie_didattiche_servizi_ristorazione": 3,
    "fattorie_didattiche_servizi_attivita_sportive": 2,
    "fattorie_didattiche_servizi_pernottamento": 2,
    "fattorie_didattiche_servizi_punto_vendita": 4,
    "fattorie_didattiche_servizi_azienda_bio": 1,
    "fattorie_didattiche_servizi_accessibilita_disabili": 5,
    "listaPP": [
      "PO1080390U0026",
      "PO1080420U0009",
      "PO108025NU0003",
      "PO108017NR0055",
      "PO108033NU0120",
      "PO108004NR0031",
      "PO108036NU0001",
      "PO1080280U0004",
      "PO1080210U0002",
      "PO108023NU0003",
      "PO108040NU0001",
      "PO108033NR0142",
      "PO1080310U0001",
      "PO108034NU0036",
      "PO108027NR0020",
      "PO108005NU0002",
      "PO1080370U0001",
      "PO1080390U0031",
      "PO1080530U0005"
    ],
    "acque_sotterranee_parametri_nella_norma": 1703,
    "acque_sotterranee_parametri_sopra_limite_attenzione": 52,
    "acque_sotterranee_parametri_sopra_limite_legge": 1356,
    "acque_sotterranee_punti_prelievo": 19
  },
  "LC": {
    "operatori_biologici": 56,
    "operatori_biologici_produzione_vegetale": 31,
    "operatori_biologici_produzione_zootecnica": 13,
    "operatori_biologici_importatore": 3,
    "operatori_biologici_esportatore": 0,
    "operatori_biologici_tipologia_non_specificata": 20,
    "operatori_biologici_produttori": 33,
    "operatori_biologici_preparatori": 33,
    "fattorie_didattiche": 7,
    "fattorie_didattiche_servizi_asilo_nido": 3,
    "fattorie_didattiche_servizi_scuola_infanzia": 7,
    "fattorie_didattiche_servizi_scuola_primaria": 7,
    "fattorie_didattiche_servizi_scuola_secondaria_i_grado": 6,
    "fattorie_didattiche_servizi_scuola_secondaria_ii_grado": 5,
    "fattorie_didattiche_servizi_adulti": 7,
    "fattorie_didattiche_servizi_disabili": 4,
    "fattorie_didattiche_servizi_anziani": 2,
    "fattorie_didattiche_servizi_ristorazione": 4,
    "fattorie_didattiche_servizi_attivita_sportive": 6,
    "fattorie_didattiche_servizi_pernottamento": 3,
    "fattorie_didattiche_servizi_punto_vendita": 5,
    "fattorie_didattiche_servizi_azienda_bio": 2,
    "fattorie_didattiche_servizi_accessibilita_disabili": 6,
    "listaPP": [
      "PO097088NR0002",
      "PO0970490R0001",
      "PO0970200U0003",
      "PO0970230R0002",
      "PO0970120U0002",
      "PO0970490U0002",
      "PO0970100U0002",
      "PO0970490R0101",
      "PO0970420U0001",
      "PO0970130U0002",
      "PO0970820U0002",
      "PO0970260U0001",
      "PO0970540U0001",
      "PO0970610U0001",
      "PO0970480U0001",
      "PO0970860U0001",
      "PO0970440U0002",
      "PO0970160R0102",
      "PO0970390U0003",
      "PO0970570U0002",
      "PO097030NU0001"
    ],
    "acque_sotterranee_parametri_nella_norma": 1477,
    "acque_sotterranee_parametri_sopra_limite_attenzione": 125,
    "acque_sotterranee_parametri_sopra_limite_legge": 1087,
    "acque_sotterranee_punti_prelievo": 21
  },
  "CR": {
    "operatori_biologici": 120,
    "operatori_biologici_produzione_vegetale": 82,
    "operatori_biologici_produzione_zootecnica": 28,
    "operatori_biologici_importatore": 2,
    "operatori_biologici_esportatore": 0,
    "operatori_biologici_tipologia_non_specificata": 34,
    "operatori_biologici_produttori": 84,
    "operatori_biologici_preparatori": 56,
    "fattorie_didattiche": 14,
    "fattorie_didattiche_servizi_asilo_nido": 3,
    "fattorie_didattiche_servizi_scuola_infanzia": 12,
    "fattorie_didattiche_servizi_scuola_primaria": 12,
    "fattorie_didattiche_servizi_scuola_secondaria_i_grado": 9,
    "fattorie_didattiche_servizi_scuola_secondaria_ii_grado": 6,
    "fattorie_didattiche_servizi_adulti": 8,
    "fattorie_didattiche_servizi_disabili": 5,
    "fattorie_didattiche_servizi_anziani": 2,
    "fattorie_didattiche_servizi_ristorazione": 10,
    "fattorie_didattiche_servizi_attivita_sportive": 7,
    "fattorie_didattiche_servizi_pernottamento": 6,
    "fattorie_didattiche_servizi_punto_vendita": 9,
    "fattorie_didattiche_servizi_azienda_bio": 5,
    "fattorie_didattiche_servizi_accessibilita_disabili": 13,
    "listaPP": [
      "PO019033NRA001",
      "PO019035NRA001",
      "PO019084NRA002",
      "PO019088NRP001",
      "PO0191020UA002",
      "PO019047NUP001",
      "PO019076NUP001",
      "PO019045NUP001",
      "PO019080NU0802",
      "PO019021NRA001",
      "PO0190860U0865",
      "PO0190970U0002",
      "PO019070NRA001",
      "PO019077NU0771",
      "PO019083NRA001",
      "PO019103NRA001",
      "PO019110NRA001",
      "PO019049NRA001",
      "PO0190890U0892",
      "PO019049NUP001",
      "PO0191010U1012",
      "PO019040NRA001",
      "PO019047NRA001",
      "PO019027NRA001",
      "PO019081NUP001",
      "PO019094NU0944",
      "PO019089NUA001",
      "PO0190210U0218",
      "PO019091NRA001",
      "PO019077NRA001",
      "PO0190350UA005",
      "PO0190360UA005",
      "PO019065NRA001",
      "PO019036NUA001",
      "PO0190660U0002",
      "PO019112NU1123",
      "PO019054NUP001",
      "PO019051NRA001",
      "PO0190710U0713",
      "PO0190560U0563",
      "PO0191080U0001",
      "PO0190030U0035",
      "PO0190790U0001",
      "PO019031NU0313",
      "PO0190690U0694",
      "PO019071NRA001",
      "PO019056NRA001",
      "PO0190340U0001"
    ],
    "acque_sotterranee_parametri_nella_norma": 2592,
    "acque_sotterranee_parametri_sopra_limite_attenzione": 168,
    "acque_sotterranee_parametri_sopra_limite_legge": 2220,
    "acque_sotterranee_punti_prelievo": 48
  },
  "LO": {
    "operatori_biologici": 52,
    "operatori_biologici_produzione_vegetale": 35,
    "operatori_biologici_produzione_zootecnica": 19,
    "operatori_biologici_importatore": 1,
    "operatori_biologici_esportatore": 0,
    "operatori_biologici_tipologia_non_specificata": 16,
    "operatori_biologici_produttori": 35,
    "operatori_biologici_preparatori": 28,
    "fattorie_didattiche": 10,
    "fattorie_didattiche_servizi_asilo_nido": 2,
    "fattorie_didattiche_servizi_scuola_infanzia": 9,
    "fattorie_didattiche_servizi_scuola_primaria": 9,
    "fattorie_didattiche_servizi_scuola_secondaria_i_grado": 7,
    "fattorie_didattiche_servizi_scuola_secondaria_ii_grado": 5,
    "fattorie_didattiche_servizi_adulti": 5,
    "fattorie_didattiche_servizi_disabili": 4,
    "fattorie_didattiche_servizi_anziani": 4,
    "fattorie_didattiche_servizi_ristorazione": 5,
    "fattorie_didattiche_servizi_attivita_sportive": 6,
    "fattorie_didattiche_servizi_pernottamento": 2,
    "fattorie_didattiche_servizi_punto_vendita": 8,
    "fattorie_didattiche_servizi_azienda_bio": 0,
    "fattorie_didattiche_servizi_accessibilita_disabili": 8,
    "listaPP": [
      "PO0980040U0122",
      "PO0980150U0004",
      "PO098012NR0011",
      "PO098024NR0018",
      "PO0980310U0014",
      "PO098019NR0307",
      "PO0980190U0008",
      "PO0980510U0001",
      "PO098014NR0011",
      "PO098042NR0008",
      "PO098024NR0040",
      "PO098056NR0115",
      "PO098004NR0044",
      "PO0980610U0001",
      "PO0980310U0335",
      "PO098050NR0053",
      "PO0980410U0002",
      "PO0980100U0008",
      "PO098031NR0333",
      "PO0980200U0001",
      "PO0980180U0001",
      "PO098049NR0122",
      "PO098017NR0063",
      "PO0980110U0001",
      "PO0980530U0003",
      "PO0980020U0002",
      "PO0980310U0336",
      "PO0980290U0003",
      "PO0980250U0001",
      "PO098006NR0030",
      "PO098008NR0025",
      "PO0980140U0003",
      "PO098028NR0021"
    ],
    "acque_sotterranee_parametri_nella_norma": 2771,
    "acque_sotterranee_parametri_sopra_limite_attenzione": 59,
    "acque_sotterranee_parametri_sopra_limite_legge": 1914,
    "acque_sotterranee_punti_prelievo": 33
  },
  "CO": {
    "operatori_biologici": 61,
    "operatori_biologici_produzione_vegetale": 32,
    "operatori_biologici_produzione_zootecnica": 21,
    "operatori_biologici_importatore": 1,
    "operatori_biologici_esportatore": 0,
    "operatori_biologici_tipologia_non_specificata": 23,
    "operatori_biologici_produttori": 37,
    "operatori_biologici_preparatori": 40,
    "fattorie_didattiche": 10,
    "fattorie_didattiche_servizi_asilo_nido": 4,
    "fattorie_didattiche_servizi_scuola_infanzia": 8,
    "fattorie_didattiche_servizi_scuola_primaria": 9,
    "fattorie_didattiche_servizi_scuola_secondaria_i_grado": 6,
    "fattorie_didattiche_servizi_scuola_secondaria_ii_grado": 5,
    "fattorie_didattiche_servizi_adulti": 7,
    "fattorie_didattiche_servizi_disabili": 5,
    "fattorie_didattiche_servizi_anziani": 6,
    "fattorie_didattiche_servizi_ristorazione": 3,
    "fattorie_didattiche_servizi_attivita_sportive": 7,
    "fattorie_didattiche_servizi_pernottamento": 2,
    "fattorie_didattiche_servizi_punto_vendita": 7,
    "fattorie_didattiche_servizi_azienda_bio": 5,
    "fattorie_didattiche_servizi_accessibilita_disabili": 7,
    "listaPP": [
      "PO013075NU0119",
      "PO013143NUP001",
      "PO013101NUP001",
      "PO013055NU0001",
      "PO0130410U0006",
      "PO0130340U0003",
      "PO013136NU0001",
      "PO0130230U0003",
      "PO0130950U0010",
      "PO013035NU0002",
      "PO0131310U0001",
      "PO0131330U0009",
      "PO0131000U0002",
      "PO0132020U0003",
      "PO013029NU0003",
      "PO0131650U0001",
      "PO0131650U0004",
      "PO013227NU0006",
      "PO0131590U0001",
      "PO0130460U0001",
      "PO0131690U0001",
      "PO0130280U0009",
      "PO0130040U0001",
      "PO013064NU0002",
      "PO013189NR0001",
      "PO013143NU0005"
    ],
    "acque_sotterranee_parametri_nella_norma": 1985,
    "acque_sotterranee_parametri_sopra_limite_attenzione": 119,
    "acque_sotterranee_parametri_sopra_limite_legge": 1265,
    "acque_sotterranee_punti_prelievo": 26
  },
  "SO": {
    "operatori_biologici": 81,
    "operatori_biologici_produzione_vegetale": 62,
    "operatori_biologici_produzione_zootecnica": 22,
    "operatori_biologici_importatore": 4,
    "operatori_biologici_esportatore": 0,
    "operatori_biologici_tipologia_non_specificata": 16,
    "operatori_biologici_produttori": 63,
    "operatori_biologici_preparatori": 47,
    "fattorie_didattiche": 7,
    "fattorie_didattiche_servizi_asilo_nido": 3,
    "fattorie_didattiche_servizi_scuola_infanzia": 7,
    "fattorie_didattiche_servizi_scuola_primaria": 7,
    "fattorie_didattiche_servizi_scuola_secondaria_i_grado": 7,
    "fattorie_didattiche_servizi_scuola_secondaria_ii_grado": 6,
    "fattorie_didattiche_servizi_adulti": 6,
    "fattorie_didattiche_servizi_disabili": 4,
    "fattorie_didattiche_servizi_anziani": 2,
    "fattorie_didattiche_servizi_ristorazione": 4,
    "fattorie_didattiche_servizi_attivita_sportive": 4,
    "fattorie_didattiche_servizi_pernottamento": 4,
    "fattorie_didattiche_servizi_punto_vendita": 4,
    "fattorie_didattiche_servizi_azienda_bio": 1,
    "fattorie_didattiche_servizi_accessibilita_disabili": 7,
    "listaPP": [
      "PO0140610U0001",
      "PO0140050R0003",
      "PO0140610R0001",
      "PO0140450U0027",
      "PO0140260U0001",
      "PO0140660U0001",
      "PO014029NR0001",
      "PO0140320U0001",
      "PO014065NR0010",
      "PO014040NR0002",
      "PO0140710U0004",
      "PO0140430U0001",
      "PO0140780R0001",
      "PO0140280U0002",
      "PO014024NU0001",
      "PO0140570R0020"
    ],
    "acque_sotterranee_parametri_nella_norma": 774,
    "acque_sotterranee_parametri_sopra_limite_attenzione": 69,
    "acque_sotterranee_parametri_sopra_limite_legge": 673,
    "acque_sotterranee_punti_prelievo": 16
  }
}